gencodeId,geneSymbol,variantId,snpId,tissueSiteDetailId,ontologyId,rank,tssDistance,maf,pValue,nes,chromosome,pos,datasetId,querySymbol
ENSG00000163220.10,S100A9,chr1_153367306_A_G_b38,rs60752752,Artery_Aorta,UBERON:0001496,1,9452,0.125323,1.04489e-07,0.27954,chr1,153367306,gtex_v8,S100A9
ENSG00000163220.10,S100A9,chr1_152743581_G_A_b38,rs73014879,Thyroid,UBERON:0002046,1,-614273,0.0304878,4.90433e-05,-0.4772,chr1,152743581,gtex_v8,S100A9
ENSG00000163220.10,S100A9,chr1_152483882_G_C_b38,rs4240882,Lung,UBERON:0008952,1,-873972,0.332039,3.57183e-05,0.111357,chr1,152483882,gtex_v8,S100A9
ENSG00000163220.10,S100A9,chr1_153398183_C_G_b38,rs59678238,Breast_Mammary_Tissue,UBERON:0008367,1,40329,0.130051,4.82451e-08,0.27851,chr1,153398183,gtex_v8,S100A9
ENSG00000163220.10,S100A9,chr1_153367306_A_G_b38,rs60752752,Artery_Tibial,UBERON:0007610,1,9452,0.125,7.76724e-05,0.227572,chr1,153367306,gtex_v8,S100A9
ENSG00000163220.10,S100A9,chr1_153321635_G_A_b38,rs115120148,Cells_Cultured_fibroblasts,EFO:0002009,1,-36219,0.0113872,3.81529e-05,0.710295,chr1,153321635,gtex_v8,S100A9
ENSG00000163220.10,S100A9,chr1_153365467_G_A_b38,rs3014874,Whole_Blood,UBERON:0013756,1,7613,0.254478,2.6095e-13,-0.0793248,chr1,153365467,gtex_v8,S100A9
ENSG00000163220.10,S100A9,chr1_153367306_A_G_b38,rs60752752,Whole_Blood,UBERON:0013756,2,9452,0.116418,3.59594e-11,0.100584,chr1,153367306,gtex_v8,S100A9
ENSG00000163220.10,S100A9,chr1_153787628_T_A_b38,rs10752613,Skin_Sun_Exposed_Lower_leg,UBERON:0004264,1,429774,0.295041,2.9904e-05,0.153578,chr1,153787628,gtex_v8,S100A9
ENSG00000163220.10,S100A9,chr1_153367306_A_G_b38,rs60752752,Heart_Left_Ventricle,UBERON:0006566,1,9452,0.139896,8.12433e-08,0.248267,chr1,153367306,gtex_v8,S100A9
ENSG00000163220.10,S100A9,chr1_153393072_A_G_b38,rs12040625,Nerve_Tibial,UBERON:0001323,1,35218,0.105263,5.39737e-09,0.29086,chr1,153393072,gtex_v8,S100A9
ENSG00000163220.10,S100A9,chr1_153367306_A_G_b38,rs60752752,Adipose_Visceral_Omentum,UBERON:0010414,1,9452,0.121535,1.91715e-05,0.147754,chr1,153367306,gtex_v8,S100A9
ENSG00000163220.10,S100A9,chr1_153370099_C_T_b38,rs58644524,Esophagus_Muscularis,UBERON:0004648,1,12245,0.123656,1.01773e-06,0.260589,chr1,153370099,gtex_v8,S100A9
ENSG00000163220.10,S100A9,chr1_153367306_A_G_b38,rs60752752,Muscle_Skeletal,UBERON:0011907,1,9452,0.119688,4.47628e-06,0.230254,chr1,153367306,gtex_v8,S100A9
ENSG00000163220.10,S100A9,chr1_153380693_G_A_b38,rs2916218,Adipose_Subcutaneous,UBERON:0002190,1,22839,0.112737,1.00895e-09,0.269891,chr1,153380693,gtex_v8,S100A9
ENSG00000163220.10,S100A9,chr1_152884519_C_G_b38,rs61744935,Vagina,UBERON:0000996,1,-473335,0.0319149,7.56868e-06,-0.653862,chr1,152884519,gtex_v8,S100A9
ENSG00000163220.10,S100A9,chr1_153296142_C_T_b38,rs75539709,Brain_Cerebellar_Hemisphere,UBERON:0002037,1,-61712,0.00571429,3.69137e-05,2.25858,chr1,153296142,gtex_v8,S100A9
ENSG00000143546.9,S100A8,chr1_152743581_G_A_b38,rs73014879,Thyroid,UBERON:0002046,1,-647607,0.0304878,2.53592e-05,-0.532635,chr1,152743581,gtex_v8,S100A8
ENSG00000143546.9,S100A8,chr1_152550394_A_G_b38,rs34778085,Lung,UBERON:0008952,1,-840794,0.399029,4.43051e-06,0.123328,chr1,152550394,gtex_v8,S100A8
ENSG00000143546.9,S100A8,chr1_153365467_G_A_b38,rs3014874,Whole_Blood,UBERON:0013756,1,-25721,0.254478,1.18399e-08,-0.0670944,chr1,153365467,gtex_v8,S100A8
ENSG00000143546.9,S100A8,chr1_153376634_C_A_b38,rs3006476,Whole_Blood,UBERON:0013756,2,-14554,0.111194,2.78128e-05,0.0695897,chr1,153376634,gtex_v8,S100A8
ENSG00000143546.9,S100A8,chr1_153787628_T_A_b38,rs10752613,Skin_Sun_Exposed_Lower_leg,UBERON:0004264,1,396440,0.295041,6.33906e-06,0.175448,chr1,153787628,gtex_v8,S100A8
ENSG00000143546.9,S100A8,chr1_153940057_A_G_b38,rs150059283,Colon_Transverse,UBERON:0001157,1,548869,0.00679348,1.00589e-05,-1.07249,chr1,153940057,gtex_v8,S100A8
ENSG00000143546.9,S100A8,chr1_152900862_C_T_b38,rs73008519,Vagina,UBERON:0000996,1,-490326,0.0212766,1.26878e-05,-0.667884,chr1,152900862,gtex_v8,S100A8
ENSG00000143546.9,S100A8,chr1_153089274_C_G_b38,rs72706816,Spleen,UBERON:0002106,1,-301914,0.312775,2.14744e-05,0.171867,chr1,153089274,gtex_v8,S100A8
ENSG00000143546.9,S100A8,chr1_153078478_A_C_b38,rs149019086,Cells_EBV-transformed_lymphocytes,EFO:0000572,1,-312710,0.0442177,6.83045e-06,1.02459,chr1,153078478,gtex_v8,S100A8
ENSG00000147889.17,CDKN2A,chr9_21078651_A_G_b38,rs28368124,Artery_Aorta,UBERON:0001496,1,-916650,0.00904393,1.13375e-05,-1.01119,chr9,21078651,gtex_v8,CDKN2A
ENSG00000147889.17,CDKN2A,chr9_21983915_T_C_b38,rs3731222,Cells_Cultured_fibroblasts,EFO:0002009,1,-11386,0.145963,4.60631e-06,0.244651,chr9,21983915,gtex_v8,CDKN2A
ENSG00000147889.17,CDKN2A,chr9_22056296_T_C_b38,rs7853090,Brain_Cortex,UBERON:0001870,1,60995,0.365854,1.43407e-05,0.353073,chr9,22056296,gtex_v8,CDKN2A
ENSG00000147889.17,CDKN2A,chr9_21989478_T_C_b38,rs3731198,Whole_Blood,UBERON:0013756,1,-5823,0.135821,2.79963e-07,0.213074,chr9,21989478,gtex_v8,CDKN2A
ENSG00000147889.17,CDKN2A,chr9_21997016_T_A_b38,rs61271866,Skin_Sun_Exposed_Lower_leg,UBERON:0004264,1,1715,0.25124,7.63348e-06,0.232418,chr9,21997016,gtex_v8,CDKN2A
ENSG00000147889.17,CDKN2A,chr9_22165672_AT_A_b38,rs5896968,Nerve_Tibial,UBERON:0001323,1,170371,0.413534,7.50732e-07,0.164251,chr9,22165672,gtex_v8,CDKN2A
ENSG00000147889.17,CDKN2A,chr9_21995045_T_G_b38,rs55797833,Esophagus_Muscularis,UBERON:0004648,1,-256,0.0193548,3.46052e-05,-0.718102,chr9,21995045,gtex_v8,CDKN2A
ENSG00000147889.17,CDKN2A,chr9_22012052_T_C_b38,rs13298881,Testis,UBERON:0000473,1,16751,0.0978261,3.49189e-05,0.19661,chr9,22012052,gtex_v8,CDKN2A
ENSG00000069011.15,PITX1,chr5_135041807_G_A_b38,rs254548,Cells_Cultured_fibroblasts,EFO:0002009,1,7287,0.149068,3.0413599999999996e-20,0.603976,chr5,135041807,gtex_v8,PITX1
ENSG00000069011.15,PITX1,chr5_135069792_T_C_b38,rs6881034,Cells_Cultured_fibroblasts,EFO:0002009,2,35272,0.333333,9.65672e-17,-0.43364,chr5,135069792,gtex_v8,PITX1
ENSG00000069011.15,PITX1,chr5_135139097_T_G_b38,rs643873,Cells_Cultured_fibroblasts,EFO:0002009,3,104577,0.397303,6.82418e-06,0.199208,chr5,135139097,gtex_v8,PITX1
ENSG00000069011.15,PITX1,chr5_135266181_C_T_b38,rs10072856,Brain_Cortex,UBERON:0001870,1,231661,0.0536585,2.5765e-05,-0.874898,chr5,135266181,gtex_v8,PITX1
ENSG00000069011.15,PITX1,chr5_135155460_A_G_b38,rs6596201,Whole_Blood,UBERON:0013756,1,120940,0.0432836,1.1712699999999999e-21,1.00917,chr5,135155460,gtex_v8,PITX1
ENSG00000069011.15,PITX1,chr5_135078998_T_C_b38,rs56353224,Whole_Blood,UBERON:0013756,2,44478,0.373881,2.61263e-05,0.175371,chr5,135078998,gtex_v8,PITX1
ENSG00000069011.15,PITX1,chr5_135876708_A_G_b38,rs6883270,Pituitary,UBERON:0000007,1,842188,0.021097,1.48732e-05,0.648095,chr5,135876708,gtex_v8,PITX1
ENSG00000069011.15,PITX1,chr5_135373979_G_A_b38,rs114423892,Pituitary,UBERON:0000007,2,339459,0.0147679,2.53165e-05,0.759509,chr5,135373979,gtex_v8,PITX1
ENSG00000069011.15,PITX1,chr5_135046181_T_A_b38,rs988056,Nerve_Tibial,UBERON:0001323,1,11661,0.337406,6.66473e-09,-0.240933,chr5,135046181,gtex_v8,PITX1
ENSG00000069011.15,PITX1,chr5_135785309_G_A_b38,rs11242282,Adipose_Visceral_Omentum,UBERON:0010414,1,750789,0.250533,1.04193e-05,-0.327066,chr5,135785309,gtex_v8,PITX1
ENSG00000069011.15,PITX1,chr5_135024741_A_T_b38,rs31209,Esophagus_Mucosa,UBERON:0006920,1,-9779,0.409457,4.33949e-11,0.127335,chr5,135024741,gtex_v8,PITX1
ENSG00000069011.15,PITX1,chr5_135004014_A_C_b38,rs7723848,Muscle_Skeletal,UBERON:0011907,1,-30506,0.046034,1.10447e-05,-0.515388,chr5,135004014,gtex_v8,PITX1
ENSG00000069011.15,PITX1,chr5_135244214_G_A_b38,rs7708460,Muscle_Skeletal,UBERON:0011907,2,209694,0.426346,2.7943e-05,0.178833,chr5,135244214,gtex_v8,PITX1
ENSG00000069011.15,PITX1,chr5_135055361_C_A_b38,rs2135022,Adipose_Subcutaneous,UBERON:0002190,1,20841,0.257315,1.65003e-14,-0.36668,chr5,135055361,gtex_v8,PITX1
ENSG00000069011.15,PITX1,chr5_135028412_C_T_b38,rs39599,Testis,UBERON:0000473,1,-6108,0.271739,1.87395e-12,-0.480088,chr5,135028412,gtex_v8,PITX1
ENSG00000069011.15,PITX1,chr5_135024741_A_T_b38,rs31209,Testis,UBERON:0000473,2,-9779,0.436335,3.37152e-07,-0.315531,chr5,135024741,gtex_v8,PITX1
ENSG00000186081.11,KRT5,chr12_52069629_C_T_b38,rs115181479,Esophagus_Gastroesophageal_Junction,UBERON:0004550,1,-451058,0.00757576,1.01141e-05,-1.95818,chr12,52069629,gtex_v8,KRT5
ENSG00000186081.11,KRT5,chr12_52014638_A_G_b38,rs1283166,Breast_Mammary_Tissue,UBERON:0008367,1,-506049,0.40404,2.57128e-06,0.141,chr12,52014638,gtex_v8,KRT5
ENSG00000186081.11,KRT5,chr12_52399202_G_A_b38,rs2857658,Artery_Tibial,UBERON:0007610,1,-121485,0.365582,3.58403e-05,-0.218276,chr12,52399202,gtex_v8,KRT5
ENSG00000186081.11,KRT5,chr12_51841993_G_A_b38,rs78488200,Skin_Sun_Exposed_Lower_leg,UBERON:0004264,1,-678694,0.0140496,5.83011e-05,0.380143,chr12,51841993,gtex_v8,KRT5
ENSG00000186081.11,KRT5,chr12_52533092_C_T_b38,rs688861,Pancreas,UBERON:0001150,1,12405,0.360656,2.7597e-06,0.369218,chr12,52533092,gtex_v8,KRT5
ENSG00000186081.11,KRT5,chr12_52401781_C_T_b38,rs10876287,Adrenal_Gland,UBERON:0002369,1,-118906,0.10515,1.38731e-06,0.706944,chr12,52401781,gtex_v8,KRT5
ENSG00000186081.11,KRT5,chr12_52521388_G_T_b38,rs89962,Adipose_Visceral_Omentum,UBERON:0010414,1,701,0.402985,5.27798e-12,0.297873,chr12,52521388,gtex_v8,KRT5
ENSG00000186081.11,KRT5,chr12_52418339_G_A_b38,rs3847827,Adipose_Visceral_Omentum,UBERON:0010414,2,-102348,0.323028,5.71975e-06,-0.204218,chr12,52418339,gtex_v8,KRT5
ENSG00000186081.11,KRT5,chr12_53469121_C_CA_b38,rs200305192,Esophagus_Muscularis,UBERON:0004648,1,948434,0.0236559,9.93652e-06,-0.757815,chr12,53469121,gtex_v8,KRT5
ENSG00000186081.11,KRT5,chr12_52533092_C_T_b38,rs688861,Esophagus_Mucosa,UBERON:0006920,1,12405,0.379276,3.5805199999999996e-20,-0.261864,chr12,52533092,gtex_v8,KRT5
ENSG00000186081.11,KRT5,chr12_52525039_A_C_b38,rs651192,Esophagus_Mucosa,UBERON:0006920,2,4352,0.0985916,1.40528e-05,0.201395,chr12,52525039,gtex_v8,KRT5
ENSG00000186081.11,KRT5,chr12_52642467_G_A_b38,rs141367266,Adipose_Subcutaneous,UBERON:0002190,1,121780,0.0120482,3.68096e-05,-0.825319,chr12,52642467,gtex_v8,KRT5
ENSG00000186081.11,KRT5,chr12_52946351_G_A_b38,rs116872106,Spleen,UBERON:0002106,1,425664,0.0286344,1.32279e-05,-1.08939,chr12,52946351,gtex_v8,KRT5
ENSG00000205420.10,KRT6A,chr12_52513634_G_C_b38,rs636676,Breast_Mammary_Tissue,UBERON:0008367,1,20377,0.267677,9.38379e-11,0.476526,chr12,52513634,gtex_v8,KRT6A
ENSG00000205420.10,KRT6A,chr12_52176048_G_A_b38,rs111493585,Cells_Cultured_fibroblasts,EFO:0002009,1,-317209,0.0289855,3.17892e-05,0.431914,chr12,52176048,gtex_v8,KRT6A
ENSG00000205420.10,KRT6A,chr12_52470991_T_C_b38,rs3847831,Stomach,UBERON:0000945,1,-22266,0.203704,1.34195e-05,-0.413428,chr12,52470991,gtex_v8,KRT6A
ENSG00000205420.10,KRT6A,chr12_52418871_C_CG_b38,rs11439938,Whole_Blood,UBERON:0013756,1,-74386,0.0514925,4.31073e-07,-0.446379,chr12,52418871,gtex_v8,KRT6A
ENSG00000205420.10,KRT6A,chr12_52405118_A_C_b38,rs1732272,Skin_Sun_Exposed_Lower_leg,UBERON:0004264,1,-88139,0.367769,6.73743e-06,-0.135847,chr12,52405118,gtex_v8,KRT6A
ENSG00000206075.13,SERPINB5,chr18_64383950_G_A_b38,rs78540429,Esophagus_Gastroesophageal_Junction,UBERON:0004550,1,907189,0.0151976,1.01253e-05,-1.21764,chr18,64383950,gtex_v8,SERPINB5
ENSG00000206075.13,SERPINB5,chr18_63476801_T_C_b38,rs3744940,Stomach,UBERON:0000945,1,40,0.311728,4.4472e-07,-0.348877,chr18,63476801,gtex_v8,SERPINB5
ENSG00000206075.13,SERPINB5,chr18_64432841_T_C_b38,rs118078229,Whole_Blood,UBERON:0013756,1,956080,0.0537313,2.26496e-05,0.409028,chr18,64432841,gtex_v8,SERPINB5
ENSG00000206075.13,SERPINB5,chr18_63476801_T_C_b38,rs3744940,Skin_Sun_Exposed_Lower_leg,UBERON:0004264,1,40,0.315702,4.48621e-11,0.118774,chr18,63476801,gtex_v8,SERPINB5
ENSG00000206075.13,SERPINB5,chr18_63504912_G_A_b38,rs11664401,Skin_Sun_Exposed_Lower_leg,UBERON:0004264,2,28151,0.317627,1.65276e-08,0.10353,chr18,63504912,gtex_v8,SERPINB5
ENSG00000206075.13,SERPINB5,chr18_63452699_C_G_b38,rs56341032,Skin_Sun_Exposed_Lower_leg,UBERON:0004264,3,-24062,0.0132231,2.62353e-08,-0.375343,chr18,63452699,gtex_v8,SERPINB5
ENSG00000206075.13,SERPINB5,chr18_62900378_A_G_b38,rs11664248,Adipose_Visceral_Omentum,UBERON:0010414,1,-576383,0.0565032,5.53645e-06,-0.584549,chr18,62900378,gtex_v8,SERPINB5
ENSG00000206075.13,SERPINB5,chr18_63476801_T_C_b38,rs3744940,Skin_Not_Sun_Exposed_Suprapubic,UBERON:0036149,1,40,0.321083,2.02671e-07,0.122525,chr18,63476801,gtex_v8,SERPINB5
ENSG00000206075.13,SERPINB5,chr18_63450255_T_G_b38,rs55877794,Skin_Not_Sun_Exposed_Suprapubic,UBERON:0036149,2,-26506,0.0203095,7.94675e-08,-0.389679,chr18,63450255,gtex_v8,SERPINB5
ENSG00000206075.13,SERPINB5,chr18_63504912_G_A_b38,rs11664401,Skin_Not_Sun_Exposed_Suprapubic,UBERON:0036149,3,28151,0.337728,7.45545e-06,0.0986871,chr18,63504912,gtex_v8,SERPINB5
ENSG00000206075.13,SERPINB5,chr18_64167565_T_C_b38,rs73962195,Esophagus_Muscularis,UBERON:0004648,1,690804,0.0215054,1.20001e-05,-0.8218,chr18,64167565,gtex_v8,SERPINB5
ENSG00000206075.13,SERPINB5,chr18_63468605_A_G_b38,rs6567350,Esophagus_Mucosa,UBERON:0006920,1,-8156,0.312877,4.99532e-16,0.146622,chr18,63468605,gtex_v8,SERPINB5
ENSG00000206075.13,SERPINB5,chr18_63505590_G_C_b38,rs4471799,Esophagus_Mucosa,UBERON:0006920,2,28829,0.331992,8.80155e-11,0.111788,chr18,63505590,gtex_v8,SERPINB5
ENSG00000206075.13,SERPINB5,chr18_63476707_A_C_b38,rs57171297,Testis,UBERON:0000473,1,-54,0.0139752,7.87344e-07,0.943008,chr18,63476707,gtex_v8,SERPINB5
ENSG00000117399.13,CDC20,chr1_43422931_G_A_b38,rs2782645,Thyroid,UBERON:0002046,1,63976,0.398084,1.78697e-07,0.168423,chr1,43422931,gtex_v8,CDC20
ENSG00000117399.13,CDC20,chr1_43264522_G_A_b38,rs148635717,Cells_Cultured_fibroblasts,EFO:0002009,1,-94433,0.0124224,1.10657e-05,-0.256592,chr1,43264522,gtex_v8,CDC20
ENSG00000117399.13,CDC20,chr1_43294565_G_T_b38,rs7549876,Pituitary,UBERON:0000007,1,-64390,0.360759,3.72398e-06,0.399332,chr1,43294565,gtex_v8,CDC20
ENSG00000117399.13,CDC20,chr1_44206234_G_A_b38,rs79717054,Adrenal_Gland,UBERON:0002369,1,847279,0.0150215,1.00245e-05,-0.916392,chr1,44206234,gtex_v8,CDC20
ENSG00000117399.13,CDC20,chr1_43319285_A_G_b38,rs1199039,Esophagus_Mucosa,UBERON:0006920,1,-39670,0.356137,3.73741e-06,-0.0758554,chr1,43319285,gtex_v8,CDC20
ENSG00000117399.13,CDC20,chr1_43320680_A_G_b38,rs1098184,Muscle_Skeletal,UBERON:0011907,1,-38275,0.369688,4.61879e-05,-0.179211,chr1,43320680,gtex_v8,CDC20
ENSG00000117399.13,CDC20,chr1_44080479_A_C_b38,rs187454358,Colon_Sigmoid,UBERON:0001159,1,721524,0.00471698,2.00346e-06,-1.92265,chr1,44080479,gtex_v8,CDC20
