querySymbol,left_studyType,left_biosample,left_rsId,left_variant_id,left_beta,left_se,left_pMantissa,left_pExp,right_studyId,right_trait,right_studyAuthor,right_nCases,right_nControls,right_rsId,right_variant_id,right_ref,right_alt,right_beta,right_se,right_pMantissa,right_pExp,coloc_h3,coloc_h4,coloc_method,right_p,right_se_derived,mr_beta,mr_se,mr_z,mr_p,mr_or,mr_or_lo,mr_or_hi
KRT5,eqtl,esophagus squamous epithelium,rs650694,12_52512802_G_A,0.31605,0.0509271,1.1799999475479126,-9,GCST90475555,Viral warts & HPV (PheCode 78),Verma A,21895,403003,rs1707792,12_52502511_C_T,C,T,-0.0087516202233319,,8.317999839782715,-10,0.0530157382886064,0.9469842617113936,COLOC_PIP_ECAVIAR,8.317999839782715e-10,0.0014256385014533967,-0.02769061927964531,0.00451080051084764,-6.138737284669206,8.317999622420302e-10,0.9726892515562036,0.96412744545513,0.9813270896425275
KRT5,eqtl,blood,rs649701,12_52497842_G_A,0.452031,0.0662029,2.759000062942505,-11,GCST90475555,Viral warts & HPV (PheCode 78),Verma A,21895,403003,rs1707792,12_52502511_C_T,C,T,-0.0087516202233319,,8.317999839782715,-10,0.1411163478688357,0.8588836521311629,COLOC_PIP_ECAVIAR,8.317999839782715e-10,0.0014256385014533967,-0.01936066381140209,0.003153851177139171,-6.138737284669205,8.317999622420302e-10,0.9808255501617925,0.974781230516359,0.9869073487807972
KRT5,eqtl,anterior lingual gland,rs687751,12_52514019_A_G,-0.697635,0.0919672,5.77899980545044,-12,GCST90475555,Viral warts & HPV (PheCode 78),Verma A,21895,403003,rs1707792,12_52502511_C_T,C,T,-0.0087516202233319,,8.317999839782715,-10,0.0221715238752883,0.9778284761247108,COLOC_PIP_ECAVIAR,8.317999839782715e-10,0.0014256385014533967,0.012544697762199287,0.002043530644897972,6.138737284669206,8.317999622420302e-10,1.0126237125429947,1.0085759421891618,1.01668772802439
KRT5,tuqtl,esophagus squamous epithelium,rs641615,12_52519125_G_T,-0.55242,0.0534904,1.0509999990463257,-22,GCST90475555,Viral warts & HPV (PheCode 78),Verma A,21895,403003,rs1707792,12_52502511_C_T,C,T,-0.0087516202233319,,8.317999839782715,-10,0.1919806980739606,0.8080193019260402,COLOC_PIP_ECAVIAR,8.317999839782715e-10,0.0014256385014533967,0.015842330515426484,0.002580714857270549,6.138737284669205,8.317999622420302e-10,1.0159684855496527,1.0108424877111313,1.0211204774022367
KRT5,eqtl,dorsolateral prefrontal cortex,rs71092766,12_52500916_CCCA_C,0.208365,0.0364889,1.8550000190734863,-8,GCST90475555,Viral warts & HPV (PheCode 78),Verma A,21895,403003,rs1707792,12_52502511_C_T,C,T,-0.0087516202233319,,8.317999839782715,-10,0.218292207664727,0.7817077923352722,COLOC_PIP_ECAVIAR,8.317999839782715e-10,0.0014256385014533967,-0.04200139286027836,0.006842024819203786,-6.138737284669205,8.317999622420302e-10,0.9588684450017853,0.9460955020297351,0.9718138315292874
KRT5,eqtl,breast epithelium,rs641621,12_52519122_G_T,-0.347375,0.0444578,5.526999950408936,-14,GCST90475555,Viral warts & HPV (PheCode 78),Verma A,21895,403003,rs1707792,12_52502511_C_T,C,T,-0.0087516202233319,,8.317999839782715,-10,0.319002082655206,0.6809979173447943,COLOC_PIP_ECAVIAR,8.317999839782715e-10,0.0014256385014533967,0.02519358106752616,0.004104033109617551,6.138737284669205,8.317999622420302e-10,1.0255136213323899,1.0172975761382412,1.0337960221339988
KRT5,pqtl,blood plasma,rs687751,12_52514019_A_G,-0.131286,0.0236607,3.1059999465942383,-8,GCST90475555,Viral warts & HPV (PheCode 78),Verma A,21895,403003,rs1707792,12_52502511_C_T,C,T,-0.0087516202233319,,8.317999839782715,-10,0.0274650250403491,0.9725349749596512,COLOC_PIP_ECAVIAR,8.317999839782715e-10,0.0014256385014533967,0.06666072714022743,0.010859029153553286,6.1387372846692045,8.317999622420302e-10,1.0689327567740208,1.0464223181485897,1.0919274356897448
KRT5,eqtl,suprapubic skin,rs629131,12_52503437_G_C,0.250908,0.0455613,5.835000038146973,-8,GCST90475555,Viral warts & HPV (PheCode 78),Verma A,21895,403003,rs1707792,12_52502511_C_T,C,T,-0.0087516202233319,,8.317999839782715,-10,0.0231975400759947,0.976802459924006,COLOC_PIP_ECAVIAR,8.317999839782715e-10,0.0014256385014533967,-0.034879797468920476,0.005681917282244474,-6.138737284669205,8.317999622420302e-10,0.9657214914487509,0.9550263422804193,0.9765364134554523
KRT5,eqtl,skin of body,rs599466,12_52501517_A_G,-0.517576,0.068221,2.9089999198913574,-13,GCST90475555,Viral warts & HPV (PheCode 78),Verma A,21895,403003,rs1707792,12_52502511_C_T,C,T,-0.0087516202233319,,8.317999839782715,-10,0.021106238881167,0.978893761118834,COLOC_PIP_ECAVIAR,8.317999839782715e-10,0.0014256385014533967,0.016908860193154046,0.002754452489013008,6.1387372846692045,8.317999622420302e-10,1.0170526241213422,1.0115766297819835,1.0225582618046865
KRT6A,tuqtl,skin of body,rs641615,12_52519125_G_T,0.614254,0.0473413,5.00600004196167,-34,GCST90475555,Viral warts & HPV (PheCode 78),Verma A,21895,403003,rs1707792,12_52502511_C_T,C,T,-0.0087516202233319,,8.317999839782715,-10,0.0315248818916537,0.968475118108346,COLOC_PIP_ECAVIAR,8.317999839782715e-10,0.0014256385014533967,-0.014247559191038072,0.0023209266874182287,-6.138737284669206,8.317999622420302e-10,0.9858534569667929,0.9813789784682995,0.9903483363076447
KRT6A,eqtl,suprapubic skin,rs641615,12_52519125_G_T,0.33344,0.0600064,4.4670000076293945,-8,GCST90475555,Viral warts & HPV (PheCode 78),Verma A,21895,403003,rs1707792,12_52502511_C_T,C,T,-0.0087516202233319,,8.317999839782715,-10,0.0322366189879947,0.9677633810120048,COLOC_PIP_ECAVIAR,8.317999839782715e-10,0.0014256385014533967,-0.026246461802218988,0.004275547329214841,-6.138737284669205,8.317999622420302e-10,0.974094982816391,0.9659661038499743,0.9822922686068021
KRT6A,eqtl,omental fat pad,rs641621,12_52519122_G_T,0.414198,0.0673234,1.6770000457763672,-9,GCST90475555,Viral warts & HPV (PheCode 78),Verma A,21895,403003,rs1707792,12_52502511_C_T,C,T,-0.0087516202233319,,8.317999839782715,-10,0.0337358767855784,0.9662641232144216,COLOC_PIP_ECAVIAR,8.317999839782715e-10,0.0014256385014533967,-0.021129074074070612,0.0034419251214477054,-6.138737284669205,8.317999622420302e-10,0.9790925809448955,0.9725096824307482,0.9857200389669124
KRT6A,eqtl,skin of body,rs641621,12_52519122_G_T,0.4995,0.0792283,8.581999778747559,-10,GCST90475555,Viral warts & HPV (PheCode 78),Verma A,21895,403003,rs1707792,12_52502511_C_T,C,T,-0.0087516202233319,,8.317999839782715,-10,0.1002037599132279,0.8997962400867732,COLOC_PIP_ECAVIAR,8.317999839782715e-10,0.0014256385014533967,-0.01752076120787167,0.002854131134040834,-6.138737284669205,8.317999622420302e-10,0.9826318348295167,0.9771502435795456,0.9881441765631817
KRT6A,tuqtl,suprapubic skin,rs641615,12_52519125_G_T,-0.548238,0.0539385,3.400000095367432,-22,GCST90475555,Viral warts & HPV (PheCode 78),Verma A,21895,403003,rs1707792,12_52502511_C_T,C,T,-0.0087516202233319,,8.317999839782715,-10,0.0283297707542949,0.9716702292457048,COLOC_PIP_ECAVIAR,8.317999839782715e-10,0.0014256385014533967,0.015963176983959337,0.002600400741016487,6.1387372846692045,8.317999622420302e-10,1.0160912691721062,1.0109256451940343,1.0212832884357363
KRT6A,tuqtl,anterior lingual gland,rs641615,12_52519125_G_T,0.787183,0.118987,8.940999984741211,-10,GCST90475555,Viral warts & HPV (PheCode 78),Verma A,21895,403003,rs1707792,12_52502511_C_T,C,T,-0.0087516202233319,,8.317999839782715,-10,0.4165357532918255,0.5834642467081759,COLOC_PIP_ECAVIAR,8.317999839782715e-10,0.0014256385014533967,-0.01111764383038239,0.0018110636299988653,-6.138737284669206,8.317999622420302e-10,0.9889439287797582,0.9854397127425315,0.9924606057822544
KRT6A,eqtl,breast epithelium,rs644054,12_52504585_G_C,0.736184,0.0636561,1.062000036239624,-26,GCST90475555,Viral warts & HPV (PheCode 78),Verma A,21895,403003,rs1707792,12_52502511_C_T,C,T,-0.0087516202233319,,8.317999839782715,-10,0.0210073863869524,0.9789926136130476,COLOC_PIP_ECAVIAR,8.317999839782715e-10,0.0014256385014533967,-0.011887816392820138,0.0019365247023208829,-6.138737284669205,8.317999622420302e-10,0.9881825645285854,0.9844389393577665,0.9919404259601405
KRT6A,eqtl,breast epithelium,rs636676,12_52513634_G_C,0.624878,0.0679432,2.496000051498413,-18,GCST90475555,Viral warts & HPV (PheCode 78),Verma A,21895,403003,rs1707792,12_52502511_C_T,C,T,-0.0087516202233319,,8.317999839782715,-10,0.0320267352294653,0.967973264770534,COLOC_PIP_ECAVIAR,8.317999839782715e-10,0.0014256385014533967,-0.014005326197004694,0.002281466944673035,-6.138737284669205,8.317999622420302e-10,0.9860922921270623,0.981692651880384,0.9905116501889478
KRT6A,tuqtl,breast epithelium,rs599466,12_52501517_A_G,0.757898,0.0677216,2.5859999656677246,-25,GCST90475555,Viral warts & HPV (PheCode 78),Verma A,21895,403003,rs1707792,12_52502511_C_T,C,T,-0.0087516202233319,,8.317999839782715,-10,0.021802867811925,0.9781971321880756,COLOC_PIP_ECAVIAR,8.317999839782715e-10,0.0014256385014533967,-0.011547226966335708,0.0018810427015949333,-6.138737284669206,8.317999622420302e-10,0.9885191863831683,0.9848813807843262,0.9921704287570711
KRT6A,eqtl,skin of body,rs636676,12_52513634_G_C,0.513025,0.0524015,4.573999881744385,-21,GCST90475555,Viral warts & HPV (PheCode 78),Verma A,21895,403003,rs1707792,12_52502511_C_T,C,T,-0.0087516202233319,,8.317999839782715,-10,0.0386410658756741,0.9613589341243264,COLOC_PIP_ECAVIAR,8.317999839782715e-10,0.0014256385014533967,-0.017058857216182253,0.002778886996644212,-6.138737284669205,8.317999622420302e-10,0.9830858212373809,0.9777458833065988,0.9884549231233288
